/media/fillan/LINUX MINT/ML/Fluorogold/Image 1 Rescaled.tif,1471,2564,Cell,37,22,60,60
/media/fillan/LINUX MINT/ML/Fluorogold/Image 1 Rescaled.tif,1471,2564,Cell,82,1300,60,60
/media/fillan/LINUX MINT/ML/Fluorogold/Image 1 Rescaled.tif,1471,2564,Cell,90,13,60,60
/media/fillan/LINUX MINT/ML/Fluorogold/Image 1 Rescaled.tif,1471,2564,Cell,217,325,60,60
/media/fillan/LINUX MINT/ML/Fluorogold/Image 1 Rescaled.tif,1471,2564,Cell,266,380,60,60
/media/fillan/LINUX MINT/ML/Fluorogold/Image 1 Rescaled.tif,1471,2564,Cell,262,469,60,60
/media/fillan/LINUX MINT/ML/Fluorogold/Image 1 Rescaled.tif,1471,2564,Cell,345,371,60,60
/media/fillan/LINUX MINT/ML/Fluorogold/Image 1 Rescaled.tif,1471,2564,Cell,373,1597,60,60
/media/fillan/LINUX MINT/ML/Fluorogold/Image 1 Rescaled.tif,1471,2564,Cell,398,1534,60,60
/media/fillan/LINUX MINT/ML/Fluorogold/Image 1 Rescaled.tif,1471,2564,Cell,410,345,60,60
/media/fillan/LINUX MINT/ML/Fluorogold/Image 1 Rescaled.tif,1471,2564,Cell,420,482,60,60
/media/fillan/LINUX MINT/ML/Fluorogold/Image 1 Rescaled.tif,1471,2564,Cell,470,468,60,60
/media/fillan/LINUX MINT/ML/Fluorogold/Image 1 Rescaled.tif,1471,2564,Cell,472,1633,60,60
/media/fillan/LINUX MINT/ML/Fluorogold/Image 1 Rescaled.tif,1471,2564,Cell,494,302,60,60
/media/fillan/LINUX MINT/ML/Fluorogold/Image 1 Rescaled.tif,1471,2564,Cell,516,327,60,60
/media/fillan/LINUX MINT/ML/Fluorogold/Image 1 Rescaled.tif,1471,2564,Cell,526,459,60,60
/media/fillan/LINUX MINT/ML/Fluorogold/Image 1 Rescaled.tif,1471,2564,Cell,556,422,60,60
/media/fillan/LINUX MINT/ML/Fluorogold/Image 1 Rescaled.tif,1471,2564,Cell,561,459,60,60
/media/fillan/LINUX MINT/ML/Fluorogold/Image 1 Rescaled.tif,1471,2564,Cell,577,396,60,60
/media/fillan/LINUX MINT/ML/Fluorogold/Image 1 Rescaled.tif,1471,2564,Cell,617,374,60,60
/media/fillan/LINUX MINT/ML/Fluorogold/Image 1 Rescaled.tif,1471,2564,Cell,627,438,60,60
/media/fillan/LINUX MINT/ML/Fluorogold/Image 1 Rescaled.tif,1471,2564,Cell,630,466,60,60
/media/fillan/LINUX MINT/ML/Fluorogold/Image 1 Rescaled.tif,1471,2564,Cell,651,408,60,60
/media/fillan/LINUX MINT/ML/Fluorogold/Image 1 Rescaled.tif,1471,2564,Cell,654,474,60,60
/media/fillan/LINUX MINT/ML/Fluorogold/Image 1 Rescaled.tif,1471,2564,Cell,656,530,60,60
/media/fillan/LINUX MINT/ML/Fluorogold/Image 1 Rescaled.tif,1471,2564,Cell,679,637,60,60
/media/fillan/LINUX MINT/ML/Fluorogold/Image 1 Rescaled.tif,1471,2564,Cell,704,532,60,60
/media/fillan/LINUX MINT/ML/Fluorogold/Image 1 Rescaled.tif,1471,2564,Cell,706,425,60,60
/media/fillan/LINUX MINT/ML/Fluorogold/Image 1 Rescaled.tif,1471,2564,Cell,708,597,60,60
/media/fillan/LINUX MINT/ML/Fluorogold/Image 1 Rescaled.tif,1471,2564,Cell,730,1191,60,60
/media/fillan/LINUX MINT/ML/Fluorogold/Image 1 Rescaled.tif,1471,2564,Cell,743,1997,60,60
/media/fillan/LINUX MINT/ML/Fluorogold/Image 1 Rescaled.tif,1471,2564,Cell,759,519,60,60
/media/fillan/LINUX MINT/ML/Fluorogold/Image 1 Rescaled.tif,1471,2564,Cell,764,603,60,60
/media/fillan/LINUX MINT/ML/Fluorogold/Image 1 Rescaled.tif,1471,2564,Cell,765,2068,60,60
/media/fillan/LINUX MINT/ML/Fluorogold/Image 1 Rescaled.tif,1471,2564,Cell,766,2115,60,60
/media/fillan/LINUX MINT/ML/Fluorogold/Image 1 Rescaled.tif,1471,2564,Cell,770,574,60,60
/media/fillan/LINUX MINT/ML/Fluorogold/Image 1 Rescaled.tif,1471,2564,Cell,781,498,60,60
/media/fillan/LINUX MINT/ML/Fluorogold/Image 1 Rescaled.tif,1471,2564,Cell,787,524,60,60
/media/fillan/LINUX MINT/ML/Fluorogold/Image 1 Rescaled.tif,1471,2564,Cell,799,824,60,60
/media/fillan/LINUX MINT/ML/Fluorogold/Image 1 Rescaled.tif,1471,2564,Cell,806,415,60,60
/media/fillan/LINUX MINT/ML/Fluorogold/Image 1 Rescaled.tif,1471,2564,Cell,816,333,60,60
/media/fillan/LINUX MINT/ML/Fluorogold/Image 1 Rescaled.tif,1471,2564,Cell,822,1221,60,60
/media/fillan/LINUX MINT/ML/Fluorogold/Image 1 Rescaled.tif,1471,2564,Cell,821,1273,60,60
/media/fillan/LINUX MINT/ML/Fluorogold/Image 1 Rescaled.tif,1471,2564,Cell,823,1765,60,60
/media/fillan/LINUX MINT/ML/Fluorogold/Image 1 Rescaled.tif,1471,2564,Cell,830,455,60,60
/media/fillan/LINUX MINT/ML/Fluorogold/Image 1 Rescaled.tif,1471,2564,Cell,826,537,60,60
/media/fillan/LINUX MINT/ML/Fluorogold/Image 1 Rescaled.tif,1471,2564,Cell,826,582,60,60
/media/fillan/LINUX MINT/ML/Fluorogold/Image 1 Rescaled.tif,1471,2564,Cell,829,1672,60,60
/media/fillan/LINUX MINT/ML/Fluorogold/Image 1 Rescaled.tif,1471,2564,Cell,837,1582,60,60
/media/fillan/LINUX MINT/ML/Fluorogold/Image 1 Rescaled.tif,1471,2564,Cell,869,912,60,60
/media/fillan/LINUX MINT/ML/Fluorogold/Image 1 Rescaled.tif,1471,2564,Cell,864,1320,60,60
/media/fillan/LINUX MINT/ML/Fluorogold/Image 1 Rescaled.tif,1471,2564,Cell,876,730,60,60
/media/fillan/LINUX MINT/ML/Fluorogold/Image 1 Rescaled.tif,1471,2564,Cell,876,758,60,60
/media/fillan/LINUX MINT/ML/Fluorogold/Image 1 Rescaled.tif,1471,2564,Cell,898,635,60,60
/media/fillan/LINUX MINT/ML/Fluorogold/Image 1 Rescaled.tif,1471,2564,Cell,922,617,60,60
/media/fillan/LINUX MINT/ML/Fluorogold/Image 1 Rescaled.tif,1471,2564,Cell,932,679,60,60
/media/fillan/LINUX MINT/ML/Fluorogold/Image 1 Rescaled.tif,1471,2564,Cell,940,781,60,60
/media/fillan/LINUX MINT/ML/Fluorogold/Image 1 Rescaled.tif,1471,2564,Cell,942,879,60,60
/media/fillan/LINUX MINT/ML/Fluorogold/Image 1 Rescaled.tif,1471,2564,Cell,950,983,60,60
/media/fillan/LINUX MINT/ML/Fluorogold/Image 1 Rescaled.tif,1471,2564,Cell,987,668,60,60
/media/fillan/LINUX MINT/ML/Fluorogold/Image 1 Rescaled.tif,1471,2564,Cell,992,818,60,60
/media/fillan/LINUX MINT/ML/Fluorogold/Image 1 Rescaled.tif,1471,2564,Cell,989,1440,60,60
/media/fillan/LINUX MINT/ML/Fluorogold/Image 1 Rescaled.tif,1471,2564,Cell,1000,755,60,60
/media/fillan/LINUX MINT/ML/Fluorogold/Image 1 Rescaled.tif,1471,2564,Cell,1009,800,60,60
/media/fillan/LINUX MINT/ML/Fluorogold/Image 1 Rescaled.tif,1471,2564,Cell,1011,1975,60,60
/media/fillan/LINUX MINT/ML/Fluorogold/Image 1 Rescaled.tif,1471,2564,Cell,1026,723,60,60
/media/fillan/LINUX MINT/ML/Fluorogold/Image 1 Rescaled.tif,1471,2564,Cell,1024,651,60,60
/media/fillan/LINUX MINT/ML/Fluorogold/Image 1 Rescaled.tif,1471,2564,Cell,1026,842,60,60
/media/fillan/LINUX MINT/ML/Fluorogold/Image 1 Rescaled.tif,1471,2564,Cell,1031,1032,60,60
/media/fillan/LINUX MINT/ML/Fluorogold/Image 1 Rescaled.tif,1471,2564,Cell,1032,794,60,60
/media/fillan/LINUX MINT/ML/Fluorogold/Image 1 Rescaled.tif,1471,2564,Cell,1036,927,60,60
/media/fillan/LINUX MINT/ML/Fluorogold/Image 1 Rescaled.tif,1471,2564,Cell,1055,740,60,60
/media/fillan/LINUX MINT/ML/Fluorogold/Image 1 Rescaled.tif,1471,2564,Cell,1048,825,60,60
/media/fillan/LINUX MINT/ML/Fluorogold/Image 1 Rescaled.tif,1471,2564,Cell,1064,714,60,60
/media/fillan/LINUX MINT/ML/Fluorogold/Image 1 Rescaled.tif,1471,2564,Cell,1072,741,60,60
/media/fillan/LINUX MINT/ML/Fluorogold/Image 1 Rescaled.tif,1471,2564,Cell,1083,794,60,60
/media/fillan/LINUX MINT/ML/Fluorogold/Image 1 Rescaled.tif,1471,2564,Cell,1096,1221,60,60
/media/fillan/LINUX MINT/ML/Fluorogold/Image 1 Rescaled.tif,1471,2564,Cell,1116,1176,60,60
/media/fillan/LINUX MINT/ML/Fluorogold/Image 1 Rescaled.tif,1471,2564,Cell,1120,1069,60,60
/media/fillan/LINUX MINT/ML/Fluorogold/Image 1 Rescaled.tif,1471,2564,Cell,1118,1144,60,60
/media/fillan/LINUX MINT/ML/Fluorogold/Image 1 Rescaled.tif,1471,2564,Cell,1135,2157,60,60
/media/fillan/LINUX MINT/ML/Fluorogold/Image 1 Rescaled.tif,1471,2564,Cell,1147,1035,60,60
/media/fillan/LINUX MINT/ML/Fluorogold/Image 1 Rescaled.tif,1471,2564,Cell,1154,1331,60,60
/media/fillan/LINUX MINT/ML/Fluorogold/Image 1 Rescaled.tif,1471,2564,Cell,1164,1079,60,60
/media/fillan/LINUX MINT/ML/Fluorogold/Image 1 Rescaled.tif,1471,2564,Cell,1177,1043,60,60
/media/fillan/LINUX MINT/ML/Fluorogold/Image 1 Rescaled.tif,1471,2564,Cell,1180,2121,60,60
/media/fillan/LINUX MINT/ML/Fluorogold/Image 1 Rescaled.tif,1471,2564,Cell,1189,819,60,60
/media/fillan/LINUX MINT/ML/Fluorogold/Image 1 Rescaled.tif,1471,2564,Cell,1187,928,60,60
/media/fillan/LINUX MINT/ML/Fluorogold/Image 1 Rescaled.tif,1471,2564,Cell,1187,1696,60,60
/media/fillan/LINUX MINT/ML/Fluorogold/Image 1 Rescaled.tif,1471,2564,Cell,1211,813,60,60
/media/fillan/LINUX MINT/ML/Fluorogold/Image 1 Rescaled.tif,1471,2564,Cell,1266,770,60,60
/media/fillan/LINUX MINT/ML/Fluorogold/Image 1 Rescaled.tif,1471,2564,Cell,1264,1176,60,60
/media/fillan/LINUX MINT/ML/Fluorogold/Image 1 Rescaled.tif,1471,2564,Cell,1275,1867,60,60
/media/fillan/LINUX MINT/ML/Fluorogold/Image 1 Rescaled.tif,1471,2564,Cell,1299,688,60,60
/media/fillan/LINUX MINT/ML/Fluorogold/Image 1 Rescaled.tif,1471,2564,Cell,1355,1980,60,60
/media/fillan/LINUX MINT/ML/Fluorogold/Image 1 Rescaled.tif,1471,2564,Cell,1377,2256,60,60
/media/fillan/LINUX MINT/ML/Fluorogold/Image 1 Rescaled.tif,1471,2564,Cell,1397,2284,60,60
/media/fillan/LINUX MINT/ML/Fluorogold/Image 2 Rescaled.tif,1559,2322,Cell,48,870,60,60
/media/fillan/LINUX MINT/ML/Fluorogold/Image 2 Rescaled.tif,1559,2322,Cell,96,784,60,60
/media/fillan/LINUX MINT/ML/Fluorogold/Image 2 Rescaled.tif,1559,2322,Cell,129,424,60,60
/media/fillan/LINUX MINT/ML/Fluorogold/Image 2 Rescaled.tif,1559,2322,Cell,181,1258,60,60
/media/fillan/LINUX MINT/ML/Fluorogold/Image 2 Rescaled.tif,1559,2322,Cell,201,1337,60,60
/media/fillan/LINUX MINT/ML/Fluorogold/Image 2 Rescaled.tif,1559,2322,Cell,262,1237,60,60
/media/fillan/LINUX MINT/ML/Fluorogold/Image 2 Rescaled.tif,1559,2322,Cell,259,1312,60,60
/media/fillan/LINUX MINT/ML/Fluorogold/Image 2 Rescaled.tif,1559,2322,Cell,273,1197,60,60
/media/fillan/LINUX MINT/ML/Fluorogold/Image 2 Rescaled.tif,1559,2322,Cell,273,1418,60,60
/media/fillan/LINUX MINT/ML/Fluorogold/Image 2 Rescaled.tif,1559,2322,Cell,282,474,60,60
/media/fillan/LINUX MINT/ML/Fluorogold/Image 2 Rescaled.tif,1559,2322,Cell,311,424,60,60
/media/fillan/LINUX MINT/ML/Fluorogold/Image 2 Rescaled.tif,1559,2322,Cell,321,1498,60,60
/media/fillan/LINUX MINT/ML/Fluorogold/Image 2 Rescaled.tif,1559,2322,Cell,418,359,60,60
/media/fillan/LINUX MINT/ML/Fluorogold/Image 2 Rescaled.tif,1559,2322,Cell,427,1487,60,60
/media/fillan/LINUX MINT/ML/Fluorogold/Image 2 Rescaled.tif,1559,2322,Cell,468,1547,60,60
/media/fillan/LINUX MINT/ML/Fluorogold/Image 2 Rescaled.tif,1559,2322,Cell,483,223,60,60
/media/fillan/LINUX MINT/ML/Fluorogold/Image 2 Rescaled.tif,1559,2322,Cell,490,649,60,60
/media/fillan/LINUX MINT/ML/Fluorogold/Image 2 Rescaled.tif,1559,2322,Cell,520,350,60,60
/media/fillan/LINUX MINT/ML/Fluorogold/Image 2 Rescaled.tif,1559,2322,Cell,556,348,60,60
/media/fillan/LINUX MINT/ML/Fluorogold/Image 2 Rescaled.tif,1559,2322,Cell,566,277,60,60
/media/fillan/LINUX MINT/ML/Fluorogold/Image 2 Rescaled.tif,1559,2322,Cell,592,578,60,60
/media/fillan/LINUX MINT/ML/Fluorogold/Image 2 Rescaled.tif,1559,2322,Cell,594,552,60,60
/media/fillan/LINUX MINT/ML/Fluorogold/Image 2 Rescaled.tif,1559,2322,Cell,604,680,60,60
/media/fillan/LINUX MINT/ML/Fluorogold/Image 2 Rescaled.tif,1559,2322,Cell,602,747,60,60
/media/fillan/LINUX MINT/ML/Fluorogold/Image 2 Rescaled.tif,1559,2322,Cell,648,638,60,60
/media/fillan/LINUX MINT/ML/Fluorogold/Image 2 Rescaled.tif,1559,2322,Cell,659,510,60,60
/media/fillan/LINUX MINT/ML/Fluorogold/Image 2 Rescaled.tif,1559,2322,Cell,663,319,60,60
/media/fillan/LINUX MINT/ML/Fluorogold/Image 2 Rescaled.tif,1559,2322,Cell,685,637,60,60
/media/fillan/LINUX MINT/ML/Fluorogold/Image 2 Rescaled.tif,1559,2322,Cell,699,390,60,60
/media/fillan/LINUX MINT/ML/Fluorogold/Image 2 Rescaled.tif,1559,2322,Cell,704,589,60,60
/media/fillan/LINUX MINT/ML/Fluorogold/Image 2 Rescaled.tif,1559,2322,Cell,710,503,60,60
/media/fillan/LINUX MINT/ML/Fluorogold/Image 2 Rescaled.tif,1559,2322,Cell,717,526,60,60
/media/fillan/LINUX MINT/ML/Fluorogold/Image 2 Rescaled.tif,1559,2322,Cell,734,675,60,60
/media/fillan/LINUX MINT/ML/Fluorogold/Image 2 Rescaled.tif,1559,2322,Cell,754,261,60,60
/media/fillan/LINUX MINT/ML/Fluorogold/Image 2 Rescaled.tif,1559,2322,Cell,757,822,60,60
/media/fillan/LINUX MINT/ML/Fluorogold/Image 2 Rescaled.tif,1559,2322,Cell,771,642,60,60
/media/fillan/LINUX MINT/ML/Fluorogold/Image 2 Rescaled.tif,1559,2322,Cell,774,540,60,60
/media/fillan/LINUX MINT/ML/Fluorogold/Image 2 Rescaled.tif,1559,2322,Cell,777,504,60,60
/media/fillan/LINUX MINT/ML/Fluorogold/Image 2 Rescaled.tif,1559,2322,Cell,792,465,60,60
/media/fillan/LINUX MINT/ML/Fluorogold/Image 2 Rescaled.tif,1559,2322,Cell,819,684,60,60
/media/fillan/LINUX MINT/ML/Fluorogold/Image 2 Rescaled.tif,1559,2322,Cell,827,379,60,60
/media/fillan/LINUX MINT/ML/Fluorogold/Image 2 Rescaled.tif,1559,2322,Cell,827,525,60,60
/media/fillan/LINUX MINT/ML/Fluorogold/Image 2 Rescaled.tif,1559,2322,Cell,837,841,60,60
/media/fillan/LINUX MINT/ML/Fluorogold/Image 2 Rescaled.tif,1559,2322,Cell,855,719,60,60
/media/fillan/LINUX MINT/ML/Fluorogold/Image 2 Rescaled.tif,1559,2322,Cell,861,773,60,60
/media/fillan/LINUX MINT/ML/Fluorogold/Image 2 Rescaled.tif,1559,2322,Cell,858,1011,60,60
/media/fillan/LINUX MINT/ML/Fluorogold/Image 2 Rescaled.tif,1559,2322,Cell,878,423,60,60
/media/fillan/LINUX MINT/ML/Fluorogold/Image 2 Rescaled.tif,1559,2322,Cell,875,787,60,60
/media/fillan/LINUX MINT/ML/Fluorogold/Image 2 Rescaled.tif,1559,2322,Cell,888,694,60,60
/media/fillan/LINUX MINT/ML/Fluorogold/Image 2 Rescaled.tif,1559,2322,Cell,916,752,60,60
/media/fillan/LINUX MINT/ML/Fluorogold/Image 2 Rescaled.tif,1559,2322,Cell,919,470,60,60
/media/fillan/LINUX MINT/ML/Fluorogold/Image 2 Rescaled.tif,1559,2322,Cell,923,789,60,60
/media/fillan/LINUX MINT/ML/Fluorogold/Image 2 Rescaled.tif,1559,2322,Cell,937,823,60,60
/media/fillan/LINUX MINT/ML/Fluorogold/Image 2 Rescaled.tif,1559,2322,Cell,935,979,60,60
/media/fillan/LINUX MINT/ML/Fluorogold/Image 2 Rescaled.tif,1559,2322,Cell,942,766,60,60
/media/fillan/LINUX MINT/ML/Fluorogold/Image 2 Rescaled.tif,1559,2322,Cell,970,890,60,60
/media/fillan/LINUX MINT/ML/Fluorogold/Image 2 Rescaled.tif,1559,2322,Cell,969,831,60,60
/media/fillan/LINUX MINT/ML/Fluorogold/Image 2 Rescaled.tif,1559,2322,Cell,986,978,60,60
/media/fillan/LINUX MINT/ML/Fluorogold/Image 2 Rescaled.tif,1559,2322,Cell,994,524,60,60
/media/fillan/LINUX MINT/ML/Fluorogold/Image 2 Rescaled.tif,1559,2322,Cell,1005,654,60,60
/media/fillan/LINUX MINT/ML/Fluorogold/Image 2 Rescaled.tif,1559,2322,Cell,1009,1164,60,60
/media/fillan/LINUX MINT/ML/Fluorogold/Image 2 Rescaled.tif,1559,2322,Cell,1018,1040,60,60
/media/fillan/LINUX MINT/ML/Fluorogold/Image 2 Rescaled.tif,1559,2322,Cell,1023,878,60,60
/media/fillan/LINUX MINT/ML/Fluorogold/Image 2 Rescaled.tif,1559,2322,Cell,1024,831,60,60
/media/fillan/LINUX MINT/ML/Fluorogold/Image 2 Rescaled.tif,1559,2322,Cell,1027,415,60,60
/media/fillan/LINUX MINT/ML/Fluorogold/Image 2 Rescaled.tif,1559,2322,Cell,1039,534,60,60
/media/fillan/LINUX MINT/ML/Fluorogold/Image 2 Rescaled.tif,1559,2322,Cell,1041,1036,60,60
/media/fillan/LINUX MINT/ML/Fluorogold/Image 2 Rescaled.tif,1559,2322,Cell,1045,852,60,60
/media/fillan/LINUX MINT/ML/Fluorogold/Image 2 Rescaled.tif,1559,2322,Cell,1052,746,60,60
/media/fillan/LINUX MINT/ML/Fluorogold/Image 2 Rescaled.tif,1559,2322,Cell,1050,905,60,60
/media/fillan/LINUX MINT/ML/Fluorogold/Image 2 Rescaled.tif,1559,2322,Cell,1072,871,60,60
/media/fillan/LINUX MINT/ML/Fluorogold/Image 2 Rescaled.tif,1559,2322,Cell,1092,941,60,60
/media/fillan/LINUX MINT/ML/Fluorogold/Image 2 Rescaled.tif,1559,2322,Cell,1105,917,60,60
/media/fillan/LINUX MINT/ML/Fluorogold/Image 2 Rescaled.tif,1559,2322,Cell,1109,996,60,60
/media/fillan/LINUX MINT/ML/Fluorogold/Image 2 Rescaled.tif,1559,2322,Cell,1135,995,60,60
/media/fillan/LINUX MINT/ML/Fluorogold/Image 2 Rescaled.tif,1559,2322,Cell,1175,1490,60,60
/media/fillan/LINUX MINT/ML/Fluorogold/Image 2 Rescaled.tif,1559,2322,Cell,1419,1690,60,60
/media/fillan/LINUX MINT/ML/Fluorogold/Image 2 Rescaled.tif,1559,2322,Cell,1458,1977,60,60
/media/fillan/LINUX MINT/ML/Fluorogold/Image 3 Rescaled.tif,1669,2887,Cell,88,1587,60,60
/media/fillan/LINUX MINT/ML/Fluorogold/Image 3 Rescaled.tif,1669,2887,Cell,111,1073,60,60
/media/fillan/LINUX MINT/ML/Fluorogold/Image 3 Rescaled.tif,1669,2887,Cell,179,602,60,60
/media/fillan/LINUX MINT/ML/Fluorogold/Image 3 Rescaled.tif,1669,2887,Cell,193,2793,60,60
/media/fillan/LINUX MINT/ML/Fluorogold/Image 3 Rescaled.tif,1669,2887,Cell,236,473,60,60
/media/fillan/LINUX MINT/ML/Fluorogold/Image 3 Rescaled.tif,1669,2887,Cell,383,2108,60,60
/media/fillan/LINUX MINT/ML/Fluorogold/Image 3 Rescaled.tif,1669,2887,Cell,469,2285,60,60
/media/fillan/LINUX MINT/ML/Fluorogold/Image 3 Rescaled.tif,1669,2887,Cell,491,1009,60,60
/media/fillan/LINUX MINT/ML/Fluorogold/Image 3 Rescaled.tif,1669,2887,Cell,511,2083,60,60
/media/fillan/LINUX MINT/ML/Fluorogold/Image 3 Rescaled.tif,1669,2887,Cell,530,722,60,60
/media/fillan/LINUX MINT/ML/Fluorogold/Image 3 Rescaled.tif,1669,2887,Cell,542,1341,60,60
/media/fillan/LINUX MINT/ML/Fluorogold/Image 3 Rescaled.tif,1669,2887,Cell,541,2063,60,60
/media/fillan/LINUX MINT/ML/Fluorogold/Image 3 Rescaled.tif,1669,2887,Cell,558,838,60,60
/media/fillan/LINUX MINT/ML/Fluorogold/Image 3 Rescaled.tif,1669,2887,Cell,589,2094,60,60
/media/fillan/LINUX MINT/ML/Fluorogold/Image 3 Rescaled.tif,1669,2887,Cell,589,2172,60,60
/media/fillan/LINUX MINT/ML/Fluorogold/Image 3 Rescaled.tif,1669,2887,Cell,610,2011,60,60
/media/fillan/LINUX MINT/ML/Fluorogold/Image 3 Rescaled.tif,1669,2887,Cell,613,2128,60,60
/media/fillan/LINUX MINT/ML/Fluorogold/Image 3 Rescaled.tif,1669,2887,Cell,622,2193,60,60
/media/fillan/LINUX MINT/ML/Fluorogold/Image 3 Rescaled.tif,1669,2887,Cell,630,576,60,60
/media/fillan/LINUX MINT/ML/Fluorogold/Image 3 Rescaled.tif,1669,2887,Cell,635,1920,60,60
/media/fillan/LINUX MINT/ML/Fluorogold/Image 3 Rescaled.tif,1669,2887,Cell,660,2112,60,60
/media/fillan/LINUX MINT/ML/Fluorogold/Image 3 Rescaled.tif,1669,2887,Cell,671,370,60,60
/media/fillan/LINUX MINT/ML/Fluorogold/Image 3 Rescaled.tif,1669,2887,Cell,677,1978,60,60
/media/fillan/LINUX MINT/ML/Fluorogold/Image 3 Rescaled.tif,1669,2887,Cell,690,1943,60,60
/media/fillan/LINUX MINT/ML/Fluorogold/Image 3 Rescaled.tif,1669,2887,Cell,692,1850,60,60
/media/fillan/LINUX MINT/ML/Fluorogold/Image 3 Rescaled.tif,1669,2887,Cell,715,1929,60,60
/media/fillan/LINUX MINT/ML/Fluorogold/Image 3 Rescaled.tif,1669,2887,Cell,761,1953,60,60
/media/fillan/LINUX MINT/ML/Fluorogold/Image 3 Rescaled.tif,1669,2887,Cell,760,1844,60,60
/media/fillan/LINUX MINT/ML/Fluorogold/Image 3 Rescaled.tif,1669,2887,Cell,765,2151,60,60
/media/fillan/LINUX MINT/ML/Fluorogold/Image 3 Rescaled.tif,1669,2887,Cell,770,1907,60,60
/media/fillan/LINUX MINT/ML/Fluorogold/Image 3 Rescaled.tif,1669,2887,Cell,797,1855,60,60
/media/fillan/LINUX MINT/ML/Fluorogold/Image 3 Rescaled.tif,1669,2887,Cell,818,1838,60,60
/media/fillan/LINUX MINT/ML/Fluorogold/Image 3 Rescaled.tif,1669,2887,Cell,815,1971,60,60
/media/fillan/LINUX MINT/ML/Fluorogold/Image 3 Rescaled.tif,1669,2887,Cell,844,2221,60,60
/media/fillan/LINUX MINT/ML/Fluorogold/Image 3 Rescaled.tif,1669,2887,Cell,847,1846,60,60
/media/fillan/LINUX MINT/ML/Fluorogold/Image 3 Rescaled.tif,1669,2887,Cell,846,2127,60,60
/media/fillan/LINUX MINT/ML/Fluorogold/Image 3 Rescaled.tif,1669,2887,Cell,868,1128,60,60
/media/fillan/LINUX MINT/ML/Fluorogold/Image 3 Rescaled.tif,1669,2887,Cell,872,1991,60,60
/media/fillan/LINUX MINT/ML/Fluorogold/Image 3 Rescaled.tif,1669,2887,Cell,878,1788,60,60
/media/fillan/LINUX MINT/ML/Fluorogold/Image 3 Rescaled.tif,1669,2887,Cell,880,1831,60,60
/media/fillan/LINUX MINT/ML/Fluorogold/Image 3 Rescaled.tif,1669,2887,Cell,917,1311,60,60
/media/fillan/LINUX MINT/ML/Fluorogold/Image 3 Rescaled.tif,1669,2887,Cell,935,1873,60,60
/media/fillan/LINUX MINT/ML/Fluorogold/Image 3 Rescaled.tif,1669,2887,Cell,946,1959,60,60
/media/fillan/LINUX MINT/ML/Fluorogold/Image 3 Rescaled.tif,1669,2887,Cell,952,1612,60,60
/media/fillan/LINUX MINT/ML/Fluorogold/Image 3 Rescaled.tif,1669,2887,Cell,969,1264,60,60
/media/fillan/LINUX MINT/ML/Fluorogold/Image 3 Rescaled.tif,1669,2887,Cell,977,1796,60,60
/media/fillan/LINUX MINT/ML/Fluorogold/Image 3 Rescaled.tif,1669,2887,Cell,986,1579,60,60
/media/fillan/LINUX MINT/ML/Fluorogold/Image 3 Rescaled.tif,1669,2887,Cell,989,1909,60,60
/media/fillan/LINUX MINT/ML/Fluorogold/Image 3 Rescaled.tif,1669,2887,Cell,1001,1540,60,60
/media/fillan/LINUX MINT/ML/Fluorogold/Image 3 Rescaled.tif,1669,2887,Cell,1019,1889,60,60
/media/fillan/LINUX MINT/ML/Fluorogold/Image 3 Rescaled.tif,1669,2887,Cell,1031,1682,60,60
/media/fillan/LINUX MINT/ML/Fluorogold/Image 3 Rescaled.tif,1669,2887,Cell,1029,1861,60,60
/media/fillan/LINUX MINT/ML/Fluorogold/Image 3 Rescaled.tif,1669,2887,Cell,1065,985,60,60
/media/fillan/LINUX MINT/ML/Fluorogold/Image 3 Rescaled.tif,1669,2887,Cell,1077,1710,60,60
/media/fillan/LINUX MINT/ML/Fluorogold/Image 3 Rescaled.tif,1669,2887,Cell,1076,1634,60,60
/media/fillan/LINUX MINT/ML/Fluorogold/Image 3 Rescaled.tif,1669,2887,Cell,1076,1985,60,60
/media/fillan/LINUX MINT/ML/Fluorogold/Image 3 Rescaled.tif,1669,2887,Cell,1089,1743,60,60
/media/fillan/LINUX MINT/ML/Fluorogold/Image 3 Rescaled.tif,1669,2887,Cell,1100,1804,60,60
/media/fillan/LINUX MINT/ML/Fluorogold/Image 3 Rescaled.tif,1669,2887,Cell,1118,1706,60,60
/media/fillan/LINUX MINT/ML/Fluorogold/Image 3 Rescaled.tif,1669,2887,Cell,1122,1743,60,60
/media/fillan/LINUX MINT/ML/Fluorogold/Image 3 Rescaled.tif,1669,2887,Cell,1161,1516,60,60
/media/fillan/LINUX MINT/ML/Fluorogold/Image 3 Rescaled.tif,1669,2887,Cell,1161,1695,60,60
/media/fillan/LINUX MINT/ML/Fluorogold/Image 3 Rescaled.tif,1669,2887,Cell,1163,1747,60,60
/media/fillan/LINUX MINT/ML/Fluorogold/Image 3 Rescaled.tif,1669,2887,Cell,1160,1798,60,60
/media/fillan/LINUX MINT/ML/Fluorogold/Image 3 Rescaled.tif,1669,2887,Cell,1204,1967,60,60
/media/fillan/LINUX MINT/ML/Fluorogold/Image 3 Rescaled.tif,1669,2887,Cell,1230,858,60,60
/media/fillan/LINUX MINT/ML/Fluorogold/Image 3 Rescaled.tif,1669,2887,Cell,1237,1385,60,60
/media/fillan/LINUX MINT/ML/Fluorogold/Image 3 Rescaled.tif,1669,2887,Cell,1245,1893,60,60
/media/fillan/LINUX MINT/ML/Fluorogold/Image 3 Rescaled.tif,1669,2887,Cell,1259,1419,60,60
/media/fillan/LINUX MINT/ML/Fluorogold/Image 3 Rescaled.tif,1669,2887,Cell,1257,1859,60,60
/media/fillan/LINUX MINT/ML/Fluorogold/Image 3 Rescaled.tif,1669,2887,Cell,1283,719,60,60
/media/fillan/LINUX MINT/ML/Fluorogold/Image 3 Rescaled.tif,1669,2887,Cell,1357,657,60,60
/media/fillan/LINUX MINT/ML/Fluorogold/Image 3 Rescaled.tif,1669,2887,Cell,1369,902,60,60
/media/fillan/LINUX MINT/ML/Fluorogold/Image 4 Rescaled.tif,1566,2088,Cell,19,397,60,60
/media/fillan/LINUX MINT/ML/Fluorogold/Image 4 Rescaled.tif,1566,2088,Cell,141,736,60,60
/media/fillan/LINUX MINT/ML/Fluorogold/Image 4 Rescaled.tif,1566,2088,Cell,177,864,60,60
/media/fillan/LINUX MINT/ML/Fluorogold/Image 4 Rescaled.tif,1566,2088,Cell,218,441,60,60
/media/fillan/LINUX MINT/ML/Fluorogold/Image 4 Rescaled.tif,1566,2088,Cell,245,982,60,60
/media/fillan/LINUX MINT/ML/Fluorogold/Image 4 Rescaled.tif,1566,2088,Cell,297,156,60,60
/media/fillan/LINUX MINT/ML/Fluorogold/Image 4 Rescaled.tif,1566,2088,Cell,322,949,60,60
/media/fillan/LINUX MINT/ML/Fluorogold/Image 4 Rescaled.tif,1566,2088,Cell,342,1096,60,60
/media/fillan/LINUX MINT/ML/Fluorogold/Image 4 Rescaled.tif,1566,2088,Cell,381,713,60,60
/media/fillan/LINUX MINT/ML/Fluorogold/Image 4 Rescaled.tif,1566,2088,Cell,393,83,60,60
/media/fillan/LINUX MINT/ML/Fluorogold/Image 4 Rescaled.tif,1566,2088,Cell,435,291,60,60
/media/fillan/LINUX MINT/ML/Fluorogold/Image 4 Rescaled.tif,1566,2088,Cell,466,1171,60,60
/media/fillan/LINUX MINT/ML/Fluorogold/Image 4 Rescaled.tif,1566,2088,Cell,556,547,60,60
/media/fillan/LINUX MINT/ML/Fluorogold/Image 4 Rescaled.tif,1566,2088,Cell,562,1068,60,60
/media/fillan/LINUX MINT/ML/Fluorogold/Image 4 Rescaled.tif,1566,2088,Cell,570,317,60,60
/media/fillan/LINUX MINT/ML/Fluorogold/Image 4 Rescaled.tif,1566,2088,Cell,591,407,60,60
/media/fillan/LINUX MINT/ML/Fluorogold/Image 4 Rescaled.tif,1566,2088,Cell,623,268,60,60
/media/fillan/LINUX MINT/ML/Fluorogold/Image 4 Rescaled.tif,1566,2088,Cell,641,319,60,60
/media/fillan/LINUX MINT/ML/Fluorogold/Image 4 Rescaled.tif,1566,2088,Cell,674,346,60,60
/media/fillan/LINUX MINT/ML/Fluorogold/Image 4 Rescaled.tif,1566,2088,Cell,682,503,60,60
/media/fillan/LINUX MINT/ML/Fluorogold/Image 4 Rescaled.tif,1566,2088,Cell,800,454,60,60
/media/fillan/LINUX MINT/ML/Fluorogold/Image 4 Rescaled.tif,1566,2088,Cell,797,583,60,60
/media/fillan/LINUX MINT/ML/Fluorogold/Image 4 Rescaled.tif,1566,2088,Cell,802,414,60,60
/media/fillan/LINUX MINT/ML/Fluorogold/Image 4 Rescaled.tif,1566,2088,Cell,807,549,60,60
/media/fillan/LINUX MINT/ML/Fluorogold/Image 4 Rescaled.tif,1566,2088,Cell,856,669,60,60
/media/fillan/LINUX MINT/ML/Fluorogold/Image 4 Rescaled.tif,1566,2088,Cell,865,482,60,60
/media/fillan/LINUX MINT/ML/Fluorogold/Image 4 Rescaled.tif,1566,2088,Cell,906,636,60,60
/media/fillan/LINUX MINT/ML/Fluorogold/Image 4 Rescaled.tif,1566,2088,Cell,919,601,60,60
/media/fillan/LINUX MINT/ML/Fluorogold/Image 4 Rescaled.tif,1566,2088,Cell,920,786,60,60
/media/fillan/LINUX MINT/ML/Fluorogold/Image 4 Rescaled.tif,1566,2088,Cell,929,715,60,60
/media/fillan/LINUX MINT/ML/Fluorogold/Image 4 Rescaled.tif,1566,2088,Cell,957,679,60,60
/media/fillan/LINUX MINT/ML/Fluorogold/Image 4 Rescaled.tif,1566,2088,Cell,978,734,60,60
/media/fillan/LINUX MINT/ML/Fluorogold/Image 4 Rescaled.tif,1566,2088,Cell,986,494,60,60
/media/fillan/LINUX MINT/ML/Fluorogold/Image 4 Rescaled.tif,1566,2088,Cell,991,590,60,60
/media/fillan/LINUX MINT/ML/Fluorogold/Image 4 Rescaled.tif,1566,2088,Cell,999,840,60,60
/media/fillan/LINUX MINT/ML/Fluorogold/Image 4 Rescaled.tif,1566,2088,Cell,1009,670,60,60
/media/fillan/LINUX MINT/ML/Fluorogold/Image 4 Rescaled.tif,1566,2088,Cell,1021,796,60,60
/media/fillan/LINUX MINT/ML/Fluorogold/Image 4 Rescaled.tif,1566,2088,Cell,1067,750,60,60
/media/fillan/LINUX MINT/ML/Fluorogold/Image 4 Rescaled.tif,1566,2088,Cell,1082,484,60,60
/media/fillan/LINUX MINT/ML/Fluorogold/Image 4 Rescaled.tif,1566,2088,Cell,1153,540,60,60
/media/fillan/LINUX MINT/ML/Fluorogold/Image 4 Rescaled.tif,1566,2088,Cell,1162,572,60,60
/media/fillan/LINUX MINT/ML/Fluorogold/Image 4 Rescaled.tif,1566,2088,Cell,1173,1548,60,60
/media/fillan/LINUX MINT/ML/Fluorogold/Image 4 Rescaled.tif,1566,2088,Cell,1177,796,60,60
/media/fillan/LINUX MINT/ML/Fluorogold/Image 4 Rescaled.tif,1566,2088,Cell,1206,507,60,60
/media/fillan/LINUX MINT/ML/Fluorogold/Image 4 Rescaled.tif,1566,2088,Cell,1224,936,60,60
/media/fillan/LINUX MINT/ML/Fluorogold/Image 4 Rescaled.tif,1566,2088,Cell,1228,335,60,60
/media/fillan/LINUX MINT/ML/Fluorogold/Image 4 Rescaled.tif,1566,2088,Cell,1256,646,60,60
/media/fillan/LINUX MINT/ML/Fluorogold/Image 4 Rescaled.tif,1566,2088,Cell,1292,706,60,60
/media/fillan/LINUX MINT/ML/Fluorogold/Image 4 Rescaled.tif,1566,2088,Cell,1312,1472,60,60
/media/fillan/LINUX MINT/ML/Fluorogold/Image 4 Rescaled.tif,1566,2088,Cell,1336,812,60,60
/media/fillan/LINUX MINT/ML/Fluorogold/Image 4 Rescaled.tif,1566,2088,Cell,1344,1261,60,60
/media/fillan/LINUX MINT/ML/Fluorogold/Image 4 Rescaled.tif,1566,2088,Cell,1346,1130,60,60
/media/fillan/LINUX MINT/ML/Fluorogold/Image 5 Rescaled.tif,1576,2471,Cell,14,2179,60,60
/media/fillan/LINUX MINT/ML/Fluorogold/Image 5 Rescaled.tif,1576,2471,Cell,117,414,60,60
/media/fillan/LINUX MINT/ML/Fluorogold/Image 5 Rescaled.tif,1576,2471,Cell,135,2369,60,60
/media/fillan/LINUX MINT/ML/Fluorogold/Image 5 Rescaled.tif,1576,2471,Cell,195,1679,60,60
/media/fillan/LINUX MINT/ML/Fluorogold/Image 5 Rescaled.tif,1576,2471,Cell,429,2037,60,60
/media/fillan/LINUX MINT/ML/Fluorogold/Image 5 Rescaled.tif,1576,2471,Cell,486,458,60,60
/media/fillan/LINUX MINT/ML/Fluorogold/Image 5 Rescaled.tif,1576,2471,Cell,551,311,60,60
/media/fillan/LINUX MINT/ML/Fluorogold/Image 5 Rescaled.tif,1576,2471,Cell,636,115,60,60
/media/fillan/LINUX MINT/ML/Fluorogold/Image 5 Rescaled.tif,1576,2471,Cell,706,281,60,60
/media/fillan/LINUX MINT/ML/Fluorogold/Image 5 Rescaled.tif,1576,2471,Cell,748,118,60,60
/media/fillan/LINUX MINT/ML/Fluorogold/Image 5 Rescaled.tif,1576,2471,Cell,762,387,60,60
/media/fillan/LINUX MINT/ML/Fluorogold/Image 5 Rescaled.tif,1576,2471,Cell,797,1663,60,60
/media/fillan/LINUX MINT/ML/Fluorogold/Image 5 Rescaled.tif,1576,2471,Cell,813,646,60,60
/media/fillan/LINUX MINT/ML/Fluorogold/Image 5 Rescaled.tif,1576,2471,Cell,812,1835,60,60
/media/fillan/LINUX MINT/ML/Fluorogold/Image 5 Rescaled.tif,1576,2471,Cell,826,224,60,60
/media/fillan/LINUX MINT/ML/Fluorogold/Image 5 Rescaled.tif,1576,2471,Cell,854,377,60,60
/media/fillan/LINUX MINT/ML/Fluorogold/Image 5 Rescaled.tif,1576,2471,Cell,903,227,60,60
/media/fillan/LINUX MINT/ML/Fluorogold/Image 5 Rescaled.tif,1576,2471,Cell,902,878,60,60
/media/fillan/LINUX MINT/ML/Fluorogold/Image 5 Rescaled.tif,1576,2471,Cell,908,1016,60,60
/media/fillan/LINUX MINT/ML/Fluorogold/Image 5 Rescaled.tif,1576,2471,Cell,961,1442,60,60
/media/fillan/LINUX MINT/ML/Fluorogold/Image 5 Rescaled.tif,1576,2471,Cell,994,1537,60,60
/media/fillan/LINUX MINT/ML/Fluorogold/Image 5 Rescaled.tif,1576,2471,Cell,996,2238,60,60
/media/fillan/LINUX MINT/ML/Fluorogold/Image 5 Rescaled.tif,1576,2471,Cell,1036,752,60,60
/media/fillan/LINUX MINT/ML/Fluorogold/Image 5 Rescaled.tif,1576,2471,Cell,1038,1600,60,60
/media/fillan/LINUX MINT/ML/Fluorogold/Image 5 Rescaled.tif,1576,2471,Cell,1054,1390,60,60
/media/fillan/LINUX MINT/ML/Fluorogold/Image 5 Rescaled.tif,1576,2471,Cell,1082,1243,60,60
/media/fillan/LINUX MINT/ML/Fluorogold/Image 5 Rescaled.tif,1576,2471,Cell,1141,1168,60,60
/media/fillan/LINUX MINT/ML/Fluorogold/Image 5 Rescaled.tif,1576,2471,Cell,1182,1171,60,60
/media/fillan/LINUX MINT/ML/Fluorogold/Image 5 Rescaled.tif,1576,2471,Cell,1195,2092,60,60
/media/fillan/LINUX MINT/ML/Fluorogold/Image 5 Rescaled.tif,1576,2471,Cell,1211,1295,60,60
/media/fillan/LINUX MINT/ML/Fluorogold/Image 5 Rescaled.tif,1576,2471,Cell,1228,198,60,60
/media/fillan/LINUX MINT/ML/Fluorogold/Image 5 Rescaled.tif,1576,2471,Cell,1230,1083,60,60
/media/fillan/LINUX MINT/ML/Fluorogold/Image 5 Rescaled.tif,1576,2471,Cell,1241,1626,60,60
/media/fillan/LINUX MINT/ML/Fluorogold/Image 5 Rescaled.tif,1576,2471,Cell,1240,1980,60,60
/media/fillan/LINUX MINT/ML/Fluorogold/Image 5 Rescaled.tif,1576,2471,Cell,1251,1039,60,60
/media/fillan/LINUX MINT/ML/Fluorogold/Image 5 Rescaled.tif,1576,2471,Cell,1288,1193,60,60
/media/fillan/LINUX MINT/ML/Fluorogold/Image 5 Rescaled.tif,1576,2471,Cell,1314,1297,60,60
/media/fillan/LINUX MINT/ML/Fluorogold/Image 5 Rescaled.tif,1576,2471,Cell,1327,724,60,60
/media/fillan/LINUX MINT/ML/Fluorogold/Image 5 Rescaled.tif,1576,2471,Cell,1332,1361,60,60
/media/fillan/LINUX MINT/ML/Fluorogold/Image 5 Rescaled.tif,1576,2471,Cell,1349,749,60,60
/media/fillan/LINUX MINT/ML/Fluorogold/Image 5 Rescaled.tif,1576,2471,Cell,1365,1312,60,60
/media/fillan/LINUX MINT/ML/Fluorogold/Image 6 Rescaled.tif,1270,2094,Cell,25,945,60,60
/media/fillan/LINUX MINT/ML/Fluorogold/Image 6 Rescaled.tif,1270,2094,Cell,91,1096,60,60
/media/fillan/LINUX MINT/ML/Fluorogold/Image 6 Rescaled.tif,1270,2094,Cell,108,1012,60,60
/media/fillan/LINUX MINT/ML/Fluorogold/Image 6 Rescaled.tif,1270,2094,Cell,105,1231,60,60
/media/fillan/LINUX MINT/ML/Fluorogold/Image 6 Rescaled.tif,1270,2094,Cell,155,225,60,60
/media/fillan/LINUX MINT/ML/Fluorogold/Image 6 Rescaled.tif,1270,2094,Cell,156,1220,60,60
/media/fillan/LINUX MINT/ML/Fluorogold/Image 6 Rescaled.tif,1270,2094,Cell,172,1522,60,60
/media/fillan/LINUX MINT/ML/Fluorogold/Image 6 Rescaled.tif,1270,2094,Cell,190,1184,60,60
/media/fillan/LINUX MINT/ML/Fluorogold/Image 6 Rescaled.tif,1270,2094,Cell,208,1216,60,60
/media/fillan/LINUX MINT/ML/Fluorogold/Image 6 Rescaled.tif,1270,2094,Cell,225,1328,60,60
/media/fillan/LINUX MINT/ML/Fluorogold/Image 6 Rescaled.tif,1270,2094,Cell,243,1116,60,60
/media/fillan/LINUX MINT/ML/Fluorogold/Image 6 Rescaled.tif,1270,2094,Cell,306,173,60,60
/media/fillan/LINUX MINT/ML/Fluorogold/Image 6 Rescaled.tif,1270,2094,Cell,307,255,60,60
/media/fillan/LINUX MINT/ML/Fluorogold/Image 6 Rescaled.tif,1270,2094,Cell,331,1131,60,60
/media/fillan/LINUX MINT/ML/Fluorogold/Image 6 Rescaled.tif,1270,2094,Cell,377,178,60,60
/media/fillan/LINUX MINT/ML/Fluorogold/Image 6 Rescaled.tif,1270,2094,Cell,412,62,60,60
/media/fillan/LINUX MINT/ML/Fluorogold/Image 6 Rescaled.tif,1270,2094,Cell,412,1265,60,60
/media/fillan/LINUX MINT/ML/Fluorogold/Image 6 Rescaled.tif,1270,2094,Cell,499,386,60,60
/media/fillan/LINUX MINT/ML/Fluorogold/Image 6 Rescaled.tif,1270,2094,Cell,584,193,60,60
/media/fillan/LINUX MINT/ML/Fluorogold/Image 6 Rescaled.tif,1270,2094,Cell,600,253,60,60
/media/fillan/LINUX MINT/ML/Fluorogold/Image 6 Rescaled.tif,1270,2094,Cell,617,178,60,60
/media/fillan/LINUX MINT/ML/Fluorogold/Image 6 Rescaled.tif,1270,2094,Cell,644,765,60,60
/media/fillan/LINUX MINT/ML/Fluorogold/Image 6 Rescaled.tif,1270,2094,Cell,662,308,60,60
/media/fillan/LINUX MINT/ML/Fluorogold/Image 6 Rescaled.tif,1270,2094,Cell,700,648,60,60
/media/fillan/LINUX MINT/ML/Fluorogold/Image 6 Rescaled.tif,1270,2094,Cell,718,345,60,60
/media/fillan/LINUX MINT/ML/Fluorogold/Image 6 Rescaled.tif,1270,2094,Cell,736,483,60,60
/media/fillan/LINUX MINT/ML/Fluorogold/Image 6 Rescaled.tif,1270,2094,Cell,748,229,60,60
/media/fillan/LINUX MINT/ML/Fluorogold/Image 6 Rescaled.tif,1270,2094,Cell,763,413,60,60
/media/fillan/LINUX MINT/ML/Fluorogold/Image 6 Rescaled.tif,1270,2094,Cell,762,527,60,60
/media/fillan/LINUX MINT/ML/Fluorogold/Image 6 Rescaled.tif,1270,2094,Cell,778,613,60,60
/media/fillan/LINUX MINT/ML/Fluorogold/Image 6 Rescaled.tif,1270,2094,Cell,781,253,60,60
/media/fillan/LINUX MINT/ML/Fluorogold/Image 6 Rescaled.tif,1270,2094,Cell,791,2001,60,60
/media/fillan/LINUX MINT/ML/Fluorogold/Image 6 Rescaled.tif,1270,2094,Cell,811,508,60,60
/media/fillan/LINUX MINT/ML/Fluorogold/Image 6 Rescaled.tif,1270,2094,Cell,818,227,60,60
/media/fillan/LINUX MINT/ML/Fluorogold/Image 6 Rescaled.tif,1270,2094,Cell,829,377,60,60
/media/fillan/LINUX MINT/ML/Fluorogold/Image 6 Rescaled.tif,1270,2094,Cell,828,810,60,60
/media/fillan/LINUX MINT/ML/Fluorogold/Image 6 Rescaled.tif,1270,2094,Cell,876,560,60,60
/media/fillan/LINUX MINT/ML/Fluorogold/Image 6 Rescaled.tif,1270,2094,Cell,876,344,60,60
/media/fillan/LINUX MINT/ML/Fluorogold/Image 6 Rescaled.tif,1270,2094,Cell,895,454,60,60
/media/fillan/LINUX MINT/ML/Fluorogold/Image 6 Rescaled.tif,1270,2094,Cell,913,327,60,60
/media/fillan/LINUX MINT/ML/Fluorogold/Image 6 Rescaled.tif,1270,2094,Cell,913,629,60,60
/media/fillan/LINUX MINT/ML/Fluorogold/Image 6 Rescaled.tif,1270,2094,Cell,932,547,60,60
/media/fillan/LINUX MINT/ML/Fluorogold/Image 6 Rescaled.tif,1270,2094,Cell,979,649,60,60
/media/fillan/LINUX MINT/ML/Fluorogold/Image 6 Rescaled.tif,1270,2094,Cell,985,204,60,60
/media/fillan/LINUX MINT/ML/Fluorogold/Image 6 Rescaled.tif,1270,2094,Cell,985,444,60,60
/media/fillan/LINUX MINT/ML/Fluorogold/Image 6 Rescaled.tif,1270,2094,Cell,985,685,60,60
/media/fillan/LINUX MINT/ML/Fluorogold/Image 6 Rescaled.tif,1270,2094,Cell,995,334,60,60
/media/fillan/LINUX MINT/ML/Fluorogold/Image 6 Rescaled.tif,1270,2094,Cell,1016,509,60,60
/media/fillan/LINUX MINT/ML/Fluorogold/Image 6 Rescaled.tif,1270,2094,Cell,1014,757,60,60
/media/fillan/LINUX MINT/ML/Fluorogold/Image 6 Rescaled.tif,1270,2094,Cell,1013,910,60,60
/media/fillan/LINUX MINT/ML/Fluorogold/Image 6 Rescaled.tif,1270,2094,Cell,1033,2021,60,60
/media/fillan/LINUX MINT/ML/Fluorogold/Image 6 Rescaled.tif,1270,2094,Cell,1048,289,60,60
/media/fillan/LINUX MINT/ML/Fluorogold/Image 6 Rescaled.tif,1270,2094,Cell,1069,360,60,60
/media/fillan/LINUX MINT/ML/Fluorogold/Image 6 Rescaled.tif,1270,2094,Cell,1116,247,60,60
/media/fillan/LINUX MINT/ML/Fluorogold/Image 6 Rescaled.tif,1270,2094,Cell,1115,1509,60,60
/media/fillan/LINUX MINT/ML/Fluorogold/Image 6 Rescaled.tif,1270,2094,Cell,1137,413,60,60
/media/fillan/LINUX MINT/ML/Fluorogold/Image 6 Rescaled.tif,1270,2094,Cell,1137,508,60,60
/media/fillan/LINUX MINT/ML/Fluorogold/Image 6 Rescaled.tif,1270,2094,Cell,1138,611,60,60
/media/fillan/LINUX MINT/ML/Fluorogold/Image 6 Rescaled.tif,1270,2094,Cell,1137,1977,60,60
/media/fillan/LINUX MINT/ML/Fluorogold/Image 6 Rescaled.tif,1270,2094,Cell,1163,845,60,60
/media/fillan/LINUX MINT/ML/Fluorogold/Image 7 Rescaled.tif,957,1718,Cell,59,1419,60,60
/media/fillan/LINUX MINT/ML/Fluorogold/Image 7 Rescaled.tif,957,1718,Cell,67,1163,60,60
/media/fillan/LINUX MINT/ML/Fluorogold/Image 7 Rescaled.tif,957,1718,Cell,65,1303,60,60
/media/fillan/LINUX MINT/ML/Fluorogold/Image 7 Rescaled.tif,957,1718,Cell,167,1141,60,60
/media/fillan/LINUX MINT/ML/Fluorogold/Image 7 Rescaled.tif,957,1718,Cell,176,1336,60,60
/media/fillan/LINUX MINT/ML/Fluorogold/Image 7 Rescaled.tif,957,1718,Cell,207,1265,60,60
/media/fillan/LINUX MINT/ML/Fluorogold/Image 7 Rescaled.tif,957,1718,Cell,246,1362,60,60
/media/fillan/LINUX MINT/ML/Fluorogold/Image 7 Rescaled.tif,957,1718,Cell,264,1242,60,60
/media/fillan/LINUX MINT/ML/Fluorogold/Image 7 Rescaled.tif,957,1718,Cell,316,1284,60,60
/media/fillan/LINUX MINT/ML/Fluorogold/Image 7 Rescaled.tif,957,1718,Cell,316,1130,60,60
/media/fillan/LINUX MINT/ML/Fluorogold/Image 7 Rescaled.tif,957,1718,Cell,343,1607,60,60
/media/fillan/LINUX MINT/ML/Fluorogold/Image 7 Rescaled.tif,957,1718,Cell,381,1303,60,60
/media/fillan/LINUX MINT/ML/Fluorogold/Image 7 Rescaled.tif,957,1718,Cell,405,1204,60,60
/media/fillan/LINUX MINT/ML/Fluorogold/Image 7 Rescaled.tif,957,1718,Cell,426,1104,60,60
/media/fillan/LINUX MINT/ML/Fluorogold/Image 7 Rescaled.tif,957,1718,Cell,438,1243,60,60
/media/fillan/LINUX MINT/ML/Fluorogold/Image 7 Rescaled.tif,957,1718,Cell,440,900,60,60
/media/fillan/LINUX MINT/ML/Fluorogold/Image 7 Rescaled.tif,957,1718,Cell,492,895,60,60
/media/fillan/LINUX MINT/ML/Fluorogold/Image 7 Rescaled.tif,957,1718,Cell,536,892,60,60
/media/fillan/LINUX MINT/ML/Fluorogold/Image 7 Rescaled.tif,957,1718,Cell,537,1280,60,60
/media/fillan/LINUX MINT/ML/Fluorogold/Image 7 Rescaled.tif,957,1718,Cell,549,1125,60,60
/media/fillan/LINUX MINT/ML/Fluorogold/Image 7 Rescaled.tif,957,1718,Cell,558,1057,60,60
/media/fillan/LINUX MINT/ML/Fluorogold/Image 7 Rescaled.tif,957,1718,Cell,591,751,60,60
/media/fillan/LINUX MINT/ML/Fluorogold/Image 7 Rescaled.tif,957,1718,Cell,622,803,60,60
/media/fillan/LINUX MINT/ML/Fluorogold/Image 7 Rescaled.tif,957,1718,Cell,615,1062,60,60
/media/fillan/LINUX MINT/ML/Fluorogold/Image 7 Rescaled.tif,957,1718,Cell,607,948,60,60
/media/fillan/LINUX MINT/ML/Fluorogold/Image 7 Rescaled.tif,957,1718,Cell,624,1166,60,60
/media/fillan/LINUX MINT/ML/Fluorogold/Image 7 Rescaled.tif,957,1718,Cell,640,1249,60,60
/media/fillan/LINUX MINT/ML/Fluorogold/Image 7 Rescaled.tif,957,1718,Cell,666,717,60,60
/media/fillan/LINUX MINT/ML/Fluorogold/Image 7 Rescaled.tif,957,1718,Cell,695,967,60,60
/media/fillan/LINUX MINT/ML/Fluorogold/Image 7 Rescaled.tif,957,1718,Cell,676,190,60,60
/media/fillan/LINUX MINT/ML/Fluorogold/Image 7 Rescaled.tif,957,1718,Cell,674,849,60,60
/media/fillan/LINUX MINT/ML/Fluorogold/Image 7 Rescaled.tif,957,1718,Cell,689,902,60,60
/media/fillan/LINUX MINT/ML/Fluorogold/Image 7 Rescaled.tif,957,1718,Cell,692,600,60,60
/media/fillan/LINUX MINT/ML/Fluorogold/Image 7 Rescaled.tif,957,1718,Cell,699,1326,60,60
/media/fillan/LINUX MINT/ML/Fluorogold/Image 7 Rescaled.tif,957,1718,Cell,753,613,60,60
/media/fillan/LINUX MINT/ML/Fluorogold/Image 7 Rescaled.tif,957,1718,Cell,755,532,60,60
/media/fillan/LINUX MINT/ML/Fluorogold/Image 7 Rescaled.tif,957,1718,Cell,761,700,60,60
/media/fillan/LINUX MINT/ML/Fluorogold/Image 7 Rescaled.tif,957,1718,Cell,756,871,60,60
/media/fillan/LINUX MINT/ML/Fluorogold/Image 7 Rescaled.tif,957,1718,Cell,758,926,60,60
/media/fillan/LINUX MINT/ML/Fluorogold/Image 7 Rescaled.tif,957,1718,Cell,790,1080,60,60
/media/fillan/LINUX MINT/ML/Fluorogold/Image 7 Rescaled.tif,957,1718,Cell,804,509,60,60
/media/fillan/LINUX MINT/ML/Fluorogold/Image 7 Rescaled.tif,957,1718,Cell,828,937,60,60
/media/fillan/LINUX MINT/ML/Fluorogold/Image 7 Rescaled.tif,957,1718,Cell,820,616,60,60
/media/fillan/LINUX MINT/ML/Fluorogold/Image 7 Rescaled.tif,957,1718,Cell,845,547,60,60
/media/fillan/LINUX MINT/ML/Fluorogold/Image 7 Rescaled.tif,957,1718,Cell,842,480,60,60
/media/fillan/LINUX MINT/ML/Fluorogold/Image 7 Rescaled.tif,957,1718,Cell,855,823,60,60
/media/fillan/LINUX MINT/ML/Fluorogold/Image 8 Rescaled.tif,1417,2488,Cell,2,610,60,60
/media/fillan/LINUX MINT/ML/Fluorogold/Image 8 Rescaled.tif,1417,2488,Cell,44,1256,60,60
/media/fillan/LINUX MINT/ML/Fluorogold/Image 8 Rescaled.tif,1417,2488,Cell,149,1575,60,60
/media/fillan/LINUX MINT/ML/Fluorogold/Image 8 Rescaled.tif,1417,2488,Cell,185,1399,60,60
/media/fillan/LINUX MINT/ML/Fluorogold/Image 8 Rescaled.tif,1417,2488,Cell,288,1533,60,60
/media/fillan/LINUX MINT/ML/Fluorogold/Image 8 Rescaled.tif,1417,2488,Cell,306,389,60,60
/media/fillan/LINUX MINT/ML/Fluorogold/Image 8 Rescaled.tif,1417,2488,Cell,353,659,60,60
/media/fillan/LINUX MINT/ML/Fluorogold/Image 8 Rescaled.tif,1417,2488,Cell,365,1814,60,60
/media/fillan/LINUX MINT/ML/Fluorogold/Image 8 Rescaled.tif,1417,2488,Cell,413,218,60,60
/media/fillan/LINUX MINT/ML/Fluorogold/Image 8 Rescaled.tif,1417,2488,Cell,432,1535,60,60
/media/fillan/LINUX MINT/ML/Fluorogold/Image 8 Rescaled.tif,1417,2488,Cell,438,1941,60,60
/media/fillan/LINUX MINT/ML/Fluorogold/Image 8 Rescaled.tif,1417,2488,Cell,463,205,60,60
/media/fillan/LINUX MINT/ML/Fluorogold/Image 8 Rescaled.tif,1417,2488,Cell,467,1866,60,60
/media/fillan/LINUX MINT/ML/Fluorogold/Image 8 Rescaled.tif,1417,2488,Cell,473,1960,60,60
/media/fillan/LINUX MINT/ML/Fluorogold/Image 8 Rescaled.tif,1417,2488,Cell,473,452,60,60
/media/fillan/LINUX MINT/ML/Fluorogold/Image 8 Rescaled.tif,1417,2488,Cell,481,1830,60,60
/media/fillan/LINUX MINT/ML/Fluorogold/Image 8 Rescaled.tif,1417,2488,Cell,524,379,60,60
/media/fillan/LINUX MINT/ML/Fluorogold/Image 8 Rescaled.tif,1417,2488,Cell,530,1850,60,60
/media/fillan/LINUX MINT/ML/Fluorogold/Image 8 Rescaled.tif,1417,2488,Cell,541,1499,60,60
/media/fillan/LINUX MINT/ML/Fluorogold/Image 8 Rescaled.tif,1417,2488,Cell,553,514,60,60
/media/fillan/LINUX MINT/ML/Fluorogold/Image 8 Rescaled.tif,1417,2488,Cell,588,410,60,60
/media/fillan/LINUX MINT/ML/Fluorogold/Image 8 Rescaled.tif,1417,2488,Cell,638,359,60,60
/media/fillan/LINUX MINT/ML/Fluorogold/Image 8 Rescaled.tif,1417,2488,Cell,652,607,60,60
/media/fillan/LINUX MINT/ML/Fluorogold/Image 8 Rescaled.tif,1417,2488,Cell,685,400,60,60
/media/fillan/LINUX MINT/ML/Fluorogold/Image 8 Rescaled.tif,1417,2488,Cell,693,575,60,60
/media/fillan/LINUX MINT/ML/Fluorogold/Image 8 Rescaled.tif,1417,2488,Cell,702,1700,60,60
/media/fillan/LINUX MINT/ML/Fluorogold/Image 8 Rescaled.tif,1417,2488,Cell,727,1253,60,60
/media/fillan/LINUX MINT/ML/Fluorogold/Image 8 Rescaled.tif,1417,2488,Cell,742,472,60,60
/media/fillan/LINUX MINT/ML/Fluorogold/Image 8 Rescaled.tif,1417,2488,Cell,777,384,60,60
/media/fillan/LINUX MINT/ML/Fluorogold/Image 8 Rescaled.tif,1417,2488,Cell,774,678,60,60
/media/fillan/LINUX MINT/ML/Fluorogold/Image 8 Rescaled.tif,1417,2488,Cell,793,811,60,60
/media/fillan/LINUX MINT/ML/Fluorogold/Image 8 Rescaled.tif,1417,2488,Cell,790,464,60,60
/media/fillan/LINUX MINT/ML/Fluorogold/Image 8 Rescaled.tif,1417,2488,Cell,842,620,60,60
/media/fillan/LINUX MINT/ML/Fluorogold/Image 8 Rescaled.tif,1417,2488,Cell,831,763,60,60
/media/fillan/LINUX MINT/ML/Fluorogold/Image 8 Rescaled.tif,1417,2488,Cell,841,173,60,60
/media/fillan/LINUX MINT/ML/Fluorogold/Image 8 Rescaled.tif,1417,2488,Cell,865,691,60,60
/media/fillan/LINUX MINT/ML/Fluorogold/Image 8 Rescaled.tif,1417,2488,Cell,880,838,60,60
/media/fillan/LINUX MINT/ML/Fluorogold/Image 8 Rescaled.tif,1417,2488,Cell,888,775,60,60
/media/fillan/LINUX MINT/ML/Fluorogold/Image 8 Rescaled.tif,1417,2488,Cell,899,1542,60,60
/media/fillan/LINUX MINT/ML/Fluorogold/Image 8 Rescaled.tif,1417,2488,Cell,911,582,60,60
/media/fillan/LINUX MINT/ML/Fluorogold/Image 8 Rescaled.tif,1417,2488,Cell,923,853,60,60
/media/fillan/LINUX MINT/ML/Fluorogold/Image 8 Rescaled.tif,1417,2488,Cell,947,609,60,60
/media/fillan/LINUX MINT/ML/Fluorogold/Image 8 Rescaled.tif,1417,2488,Cell,978,755,60,60
/media/fillan/LINUX MINT/ML/Fluorogold/Image 8 Rescaled.tif,1417,2488,Cell,1011,810,60,60
/media/fillan/LINUX MINT/ML/Fluorogold/Image 8 Rescaled.tif,1417,2488,Cell,1011,910,60,60
/media/fillan/LINUX MINT/ML/Fluorogold/Image 8 Rescaled.tif,1417,2488,Cell,1047,1202,60,60
/media/fillan/LINUX MINT/ML/Fluorogold/Image 8 Rescaled.tif,1417,2488,Cell,1047,735,60,60
/media/fillan/LINUX MINT/ML/Fluorogold/Image 8 Rescaled.tif,1417,2488,Cell,1050,622,60,60
/media/fillan/LINUX MINT/ML/Fluorogold/Image 8 Rescaled.tif,1417,2488,Cell,1082,1071,60,60
/media/fillan/LINUX MINT/ML/Fluorogold/Image 8 Rescaled.tif,1417,2488,Cell,1096,810,60,60
/media/fillan/LINUX MINT/ML/Fluorogold/Image 8 Rescaled.tif,1417,2488,Cell,1097,977,60,60
/media/fillan/LINUX MINT/ML/Fluorogold/Image 8 Rescaled.tif,1417,2488,Cell,1113,927,60,60
/media/fillan/LINUX MINT/ML/Fluorogold/Image 8 Rescaled.tif,1417,2488,Cell,1130,841,60,60
/media/fillan/LINUX MINT/ML/Fluorogold/Image 8 Rescaled.tif,1417,2488,Cell,1156,904,60,60
/media/fillan/LINUX MINT/ML/Fluorogold/Image 8 Rescaled.tif,1417,2488,Cell,1145,1164,60,60
/media/fillan/LINUX MINT/ML/Fluorogold/Image 8 Rescaled.tif,1417,2488,Cell,1152,750,60,60
/media/fillan/LINUX MINT/ML/Fluorogold/Image 8 Rescaled.tif,1417,2488,Cell,1168,1077,60,60
/media/fillan/LINUX MINT/ML/Fluorogold/Image 8 Rescaled.tif,1417,2488,Cell,1211,1459,60,60
/media/fillan/LINUX MINT/ML/Fluorogold/Image 8 Rescaled.tif,1417,2488,Cell,1211,1706,60,60
/media/fillan/LINUX MINT/ML/Fluorogold/Image 8 Rescaled.tif,1417,2488,Cell,1252,953,60,60
/media/fillan/LINUX MINT/ML/Fluorogold/Image 8 Rescaled.tif,1417,2488,Cell,1268,1033,60,60
/media/fillan/LINUX MINT/ML/Fluorogold/Image 8 Rescaled.tif,1417,2488,Cell,1278,1196,60,60
/media/fillan/LINUX MINT/ML/Fluorogold/Image 8 Rescaled.tif,1417,2488,Cell,1343,1305,60,60
